SERVICE_RH;ID_NAT_FRT;CLE_FRT_MINI;SURFACE_CADASTRALE;DOMANIAL;CADRE_LEGAL_GESTION;DATE_EXPIRATION_CONTRAT;CODE_CHORUS;CLASSEMENT_AGRICOLE;TYPE_COPROPRIETE;PROPRIO_CATEGORIE;PROPRIO_CCLIENT;PROPRIO_MOT_DIR;LIBELLE_ARTICLE;LIBELLE_STRICT;LIBELLE_USAGE;REPRESENTANT_CATEGORIE;REPRESENTANT_CCLIENT;REPRESENTANT_MOT_DIR;REPRESENTANT_COMMENTAIRE;REPRESENTANT_LIB;REPRESENTANT_CP;REPRESENTANT_COMMUNE;REGROUPEMENT_ID_NAT_FRT;REGROUPEMENT_LIBELLE;FORET_COMMENTAIRE;DEPARTEMENT_MAJORITAIRE;DATE_DEBUT_VALIDITE;DATE_FIN_VALIDITE
8015;F08846F;26COMMUN;9998,5214;NON;RF;;;MONTAGNE;I;21;2,16701E+13;CFODAMBACH;des;26 communes;Forêt communale indivise des 26 Communes;42;2,56702E+13;SYC26CNES;;SYND, INTERCOMMUNAL FORESTIER 26 COMMUNES;67680;EPFIG;;;;67;01/01/1964;31/12/9999
8015;F08281M;ALBE;368,4464;NON;RF;;;MONTAGNE;X;21;2,167E+13;CFOALBE;d';albé;Forêt communale d'Albé;2;2,167E+13;CFOALBE;;COMMUNE D'ALBE ;67220;ALBE;;;;67;01/01/1964;31/12/9999
8015;F08595O;ALLENWIL;276,9883;NON;RF;;;PLAINE;X;21;2,00057E+13;CFONSOMMER;d';allenwiller;Forêt communale d'Allenwiller;;2,00057E+13;CFONSOMMER;Changement de propriétaire et de représentant suite à la création de la nouvelle commune de Sommerau (fusion des communes d'Allenwiler,Salenthal, Singrist et Birkenwald);COMMUNE DE SOMMERAU ;67310;SOMMERAU;;;,,;67;01/01/1964;31/12/9999
8015;F08967W;ALTORF;93,2002;NON;RF;;;PLAINE;X;21;2,167E+13;CFOALTORF;d';altorf;Forêt communale d'Altorf;2;2,167E+13;CFOALTORF;;COMMUNE d'ALTORF ;67120;ALTORF;;;;67;01/01/1964;31/12/9999
8015;F08256N;ANDLAU;166,8304;NON;RF;;;PLAINE;X;21;2,167E+13;CFOANDLAU;d';andlau;Forêt communale d'Andlau;2;2,167E+13;CFOANDLAU;;COMMUNE d'ANDLAU ;67140;ANDLAU;;;;67;01/01/1964;31/12/9999
8015;F08744H;BALBRONN;116,4661;NON;RF;;;PLAINE;X;21;2,167E+13;CFOBALBRON;de;balbronn;Forêt communale de Balbronn;2;2,167E+13;CFOBALBRON;;COMMUNE de BALBRONN ;67310;BALBRONN;;;;67;01/01/1964;31/12/9999
8015;F08411M;BAREMBA;719,9005;NON;RF;;;MONTAGNE;X;21;2,167E+13;CFOBAREMBA;de;barembach;Forêt communale de Barembach;2;2,167E+13;CFOBAREMBA;;COMMUNE de BAREMBACH ;67130;BAREMBACH;;;;67;01/01/1964;31/12/9999
8015;F08861U;BARR;26,645;NON;RF;;;PLAINE;X;21;2,167E+13;CFOBARR;de;barr;Forêt communale de Barr;2;2,167E+13;CFOBARR;;COMMUNE de BARR ;67140;BARR;;;;67;01/01/1964;31/12/9999
8015;F08314T;BARR4AC;1347,2338;NON;RF;;;PLAINE;I;21;2,167E+13;CFOBARR;de;barr et 4 autres communes;Forêt communale indivise de Barr Et 4 Autres Communes;42;2,567E+13;SYCBARR4;;SYNDICAT FORESTIER BARR 4AC ;67140;BARR;;;;67;01/01/1964;31/12/9999
8015;F08293Y;BARR6AC;643,6611;NON;RF;;;PLAINE;I;21;2,16702E+13;CFOGERTWIL;de;barr et 6 autres communes;Forêt communale indivise de Barr Et 6 Autres Communes;42;2,567E+13;SYCBARR6;;SYNDICAT FORESTIER BARR 6AC ;67140;BARR;;;;67;01/01/1964;31/12/9999
8015;F08650R;BASSEMBE;38,0251;NON;RF;;;MONTAGNE;X;21;2,167E+13;CFOBASSEMB;de;bassemberg;Forêt communale de Bassemberg;2;2,167E+13;CFOBASSEMB;;COMMUNE de BASSEMBERG ;67220;BASSEMBERG;;;;67;01/01/1964;31/12/9999
8015;F08412N;BELLEFOS;98,8136;NON;RF;;;MONTAGNE;X;21;2,167E+13;CFO67130BE;de;bellefosse;Forêt communale de Bellefosse;2;2,167E+13;CFO67130BE;;COMMUNE de BELLEFOSSE ;67130;BELLEFOSSE;;;;67;01/01/1964;31/12/9999
8015;F08331K;BELMONT;105,1839;NON;RF;;;MONTAGNE;X;21;2,167E+13;CFO67130;de;belmont;Forêt communale de Belmont;2;2,167E+13;CFO67130;;COMMUNE de BELMONT ;67130;BELMONT;;;;67;01/01/1964;31/12/9999
8015;F08260R;BERNARDV;22,2034;NON;RF;;;PLAINE;X;21;2,167E+13;CFOBERNARV;de;bernardvillé;Forêt communale de Bernardvillé;2;2,167E+13;CFOBERNARV;;COMMUNE de BERNARDVILLE ;67140;BERNARDVILLE;;;;67;01/01/1964;31/12/9999
8015;F08527Y;BISCHOFF;1210,9142;NON;RF;;;PLAINE;X;21;2,167E+13;CFOBISCHOF;de;bischoffsheim;Forêt communale de Bischoffsheim;2;2,167E+13;CFOBISCHOF;;COMMUNE de BISCHOFFSHEIM ;67870;BISCHOFFSHEIM;;;;67;01/01/1964;31/12/9999
8015;F08436L;BLANCHER;93,3471;NON;RF;;;MONTAGNE;X;21;2,16701E+13;CFO67130BL;de;blancherupt;Forêt communale de Blancherupt;2;2,16701E+13;CFO67130BL;;COMMUNE de BLANCHERUPT ;67130;BLANCHERUPT;;;;67;01/01/1964;31/12/9999
8015;F08603W;BLIENSCH;99,655;NON;RF;;;PLAINE;X;21;2,16701E+13;CFOBLIENSC;de;blienschwiller;Forêt communale de Blienschwiller;2;2,16701E+13;CFOBLIENSC;;COMMUNE de BLIENSCHWILLER ;67650;BLIENSCHWILLER;;;;67;01/01/1964;31/12/9999
8015;F08466P;BOERSCH;585,1789;NON;RF;;;PLAINE;X;21;2,16701E+13;CFOBOERSCH;de;boersch;Forêt communale de Boersch;2;2,16701E+13;CFOBOERSCH;;COMMUNE de BOERSCH ;67530;BOERSCH;;;;67;01/01/1964;31/12/9999
8015;F08691G;BOURGBR;454,2335;NON;RF;;;MONTAGNE;X;21;2,16701E+13;CFOBOURGBR;de;bourg-bruche;Forêt communale de Bourg-Bruche;2;2,16701E+13;CFOBOURGBR;;COMMUNE de BOURG-BRUCHE ;67420;BOURG BRUCHE;;;;67;01/01/1964;31/12/9999
8015;F08722L;BREITENA;108,6736;NON;RF;;;MONTAGNE;X;21;2,16701E+13;CFOBREITEN;de;breitenau;Forêt communale de Breitenau;2;2,16701E+13;CFOBREITEN;;COMMUNE de BREITENAU ;67220;BREITENAU;;;;67;01/01/1964;31/12/9999
8015;F08862V;BREITENS;749,179;NON;RF;;;MONTAGNE;X;21;2,16701E+13;CFOBREITEB;de;breitenbach 67;Forêt communale de Breitenbach 67;;2,16701E+13;CFOBREITEB;;COMMUNE de BREITENBACH ;67220;BREITENBACH;;;;67;01/01/1964;31/12/9999
8015;F08887U;COLROY;378,3903;NON;RF;;;MONTAGNE;X;21;2,16701E+13;CFO67420CO;de;colroy-la-roche;Forêt communale de Colroy-La-Roche;2;2,16701E+13;CFO67420CO;;COMMUNE de COLROY LA ROCHE ;67420;COLROY LA ROCHE;;;;67;01/01/1964;31/12/9999
8015;F08730T;COSTNABO;29,24;NON;RF;;;PLAINE;X;21;2,16704E+13;CFO67530SA;de;saint-nabor;Forêt communale de Saint-Nabor;2;2,16704E+13;CFO67530SA;;COMMUNE de SAINT-NABOR ;67530;SAINT-NABOR;;;;67;01/01/1964;31/12/9999
8015;F08430F;DAMBACMO;720,1234;NON;RF;;;PLAINE;X;21;2,16701E+13;CFODAMBACL;de;dambach-la-ville montagne;Forêt communale de Dambach-La-Ville Montagne;2;2,16701E+13;CFODAMBACL;;COMMUNE de DAMBACH-LA-VILLE ;67650;DAMBACH-LA-VILLE;;;;67;01/01/1964;31/12/9999
8015;F08641I;DAMBACPL;206,3447;NON;RF;;;PLAINE;X;21;2,16701E+13;CFODAMBACL;de;dambach-la-ville plaine;Forêt communale de Dambach-La-Ville Plaine;2;2,16701E+13;CFODAMBACL;;COMMUNE de DAMBACH-LA-VILLE ;67650;DAMBACH-LA-VILLE;;;;67;01/01/1964;31/12/9999
8015;F08271C;DANDLAUL;310,1751;OUI;RF;;172893/343681;;X;1;1,1007E+13;MINAGRI;d';andlau-lilsbach;Forêt domaniale d'Andlau-Lilsbach;1;6,62043E+13;ONFDG;;ETABLISSEMENT DIRECTION GENERALE L'O,N,F,;75570;PARIS CEDEX 12;;;;67;01/01/1964;31/12/9999
8015;F08322B;DANGOLS;19,5024;NON;RF;;;PLAINE;X;21;2,16701E+13;CFODANGOLS;de;dangolsheim;Forêt communale de Dangolsheim;2;2,16701E+13;CFODANGOLS;;COMMUNE de DANGOLSHEIM ;67310;DANGOLSHEIM;;;;67;01/01/1964;31/12/9999
8015;F08837W;DBERNSTE;209,0255;OUI;RF;;172979/344417;;X;1;1,1007E+13;MINAGRI;de;bernstein;Forêt domaniale de Bernstein;1;6,62043E+13;ONFDG;;ETABLISSEMENT DIRECTION GENERALE L'O,N,F,;75570;PARIS CEDEX 12;;;;67;01/01/1964;31/12/9999
8015;F08700P;DFOUCHYU;92,9118;OUI;RF;;172780/344461;;X;1;1,1007E+13;MINAGRI;de;fouchy-urbeis;Forêt domaniale de Fouchy-Urbeis;1;6,62043E+13;ONFDG;;ETABLISSEMENT DIRECTION GENERALE L'O,N,F,;75570;PARIS CEDEX 12;;;;67;01/01/1964;31/12/9999
8015;F08273E;DHOHWAUN;408,1407;OUI;RF;;173450/343607;;X;1;1,1007E+13;MINAGRI;du;hohwald ungersberg;Forêt domaniale du Hohwald Ungersberg;1;6,62043E+13;ONFDG;;ETABLISSEMENT DIRECTION GENERALE L'O,N,F,;75570;PARIS CEDEX 12;;;;67;01/01/1964;31/12/9999
8015;F08732V;DHOHWAZU;503,2115;OUI;RF;;173466/344475;;X;1;1,1007E+13;MINAGRI;du;hohwald zundelkopf;Forêt domaniale du Hohwald Zundelkopf;1;6,62043E+13;ONFDG;;ETABLISSEMENT DIRECTION GENERALE L'O,N,F,;75570;PARIS CEDEX 12;;;;67;01/01/1964;31/12/9999
8015;F09012P;DHONCOUR;171,9675;OUI;RF;;172973/344364;;X;1;1,1007E+13;MINAGRI;d';honcourt;Forêt domaniale d'Honcourt;1;6,62043E+13;ONFDG;;ETABLISSEMENT DIRECTION GENERALE L'O,N,F,;75570;PARIS CEDEX 12;;;;67;01/01/1964;31/12/9999
8015;F08283O;DIEFFENV;37,0081;NON;RF;;;PLAINE;X;21;2,16701E+13;CFODIEFFEN;de;dieffenbach-au-val;Forêt communale de Dieffenbach-Au-Val;2;2,16701E+13;CFODIEFFEN;;COMMUNE de DIEFFENBACH-AU-VAL ;67220;DIEFFENBACH-AU-VAL;;;;67;01/01/1964;31/12/9999
8015;F08701Q;DIMBSTHA;14,62;NON;RF;;;MONTAGNE;X;21;2,16701E+13;CFODIMBSTH;de;dimbsthal;Forêt communale de Dimbsthal;2;2,16701E+13;CFODIMBSTH;;COMMUNE de DIMBSTHAL ;67440;DIMBSTHAL;;;;67;01/01/1964;31/12/9999
8015;F08471U;DINSHEIM;365,2215;NON;RF;;;MONTAGNE;X;21;2,16701E+13;CFODINSHEI;de;dinsheim-sur-bruche;Forêt communale de Dinsheim-Sur-Bruche;2;2,16701E+13;CFODINSHEI;;COMMUNE de DINSHEIM-SUR-BRUCHE ;67190;DINSHEIM-SUR-BRUCHE;;;;67;01/01/1964;31/12/9999
8015;F08368V;DORLISHE;73,8588;NON;RF;;;PLAINE;X;21;2,16701E+13;CFODORLISH;de;dorlisheim;Forêt communale de Dorlisheim;2;2,16701E+13;CFODORLISH;;COMMUNE de DORLISHEIM ;67126;DORLISHEIM;;;;67;01/01/1964;31/12/9999
8015;F08651S;DOSTNABO;155,1727;OUI;RF;;172951/344576;;X;1;1,1007E+13;MINAGRI;de;saint-nabor;Forêt domaniale de Saint-Nabor;1;6,62043E+13;ONFDG;;ETABLISSEMENT DIRECTION GENERALE L'O,N,F,;75570;PARIS CEDEX 12;;;;67;01/01/1964;31/12/9999
8015;F08899G;DUTTLENH;24,7394;NON;RF;;;PLAINE;X;21;2,16701E+13;CFODUTTLEN;de;duttlenheim;Forêt communale de Duttlenheim;2;2,16701E+13;CFODUTTLEN;;COMMUNE de DUTTLENHEIM ;67120;DUTTLENHEIM;;;;67;01/01/1964;31/12/9999
8015;F08733W;DVANCELL;1700,0124;OUI;RF;;172814/344416;;X;1;1,1007E+13;MINAGRI;de;la vancelle;Forêt domaniale de La Vancelle;1;6,62043E+13;ONFDG;;ETABLISSEMENT DIRECTION GENERALE L'O,N,F,;75570;PARIS CEDEX 12;;;;67;01/01/1964;31/12/9999
8015;F08520R;ENGENTHA;1281,9904;OUI;RF;;173458/347921;;X;1;1,1007E+13;MINAGRI;d';engenthal;Forêt domaniale d'Engenthal;1;6,62043E+13;ONFDG;;ETABLISSEMENT DIRECTION GENERALE L'O,N,F,;75570;PARIS CEDEX 12;;;;67;01/01/1964;31/12/9999
8015;F08257O;EPFIG;225,2937;NON;RF;;;PLAINE;X;21;2,16701E+13;CFOEPFIG;d';epfig;Forêt communale d'Epfig;2;2,16701E+13;CFOEPFIG;;COMMUNE d'EPFIG ;67680;EPFIG;;;;67;01/01/1964;31/12/9999
8015;F08842B;FDCDF;541,3043;OUI;RF;;172980/344522;;X;1;1,1007E+13;MINAGRI;du;champ du feu;Forêt domaniale du Champ Du Feu;1;6,62043E+13;ONFDG;;ETABLISSEMENT DIRECTION GENERALE L'O,N,F,;75570;PARIS CEDEX 12;;;;67;01/01/1964;31/12/9999
8015;F08838X;FDDONON;5634,7943;OUI;RF;;172816/343659;;X;1;1,1007E+13;MINAGRI;du;donon;Forêt domaniale du Donon;1;6,62043E+13;ONFDG;;ETABLISSEMENT DIRECTION GENERALE L'O,N,F,;75570;PARIS CEDEX 12;;;;67;01/01/1964;31/12/9999
8015;F08383K;FDLUTZEL;834,2716;OUI;RF;;172944/347789;;X;1;1,1007E+13;MINAGRI;de;lutzelhouse;Forêt domaniale de Lutzelhouse;1;6,62043E+13;ONFDG;;ETABLISSEMENT DIRECTION GENERALE L'O,N,F,;75570;PARIS CEDEX 12;;;;67;01/01/1964;31/12/9999
8015;F08989S;FLEXBOUR;38,723;NON;RF;;;PLAINE;X;21;2,16701E+13;CFOFLEXBOU;de;flexbourg;Forêt communale de Flexbourg;2;2,16701E+13;CFOFLEXBOU;;COMMUNE de FLEXBOURG ;67310;FLEXBOURG;;;;67;01/01/1964;31/12/9999
8015;F08786X;FOUCHY;275,4403;NON;RF;;;MONTAGNE;X;21;2,16701E+13;CFOFOUCHY;de;fouchy;Forêt communale de Fouchy;2;2,16701E+13;CFOFOUCHY;;COMMUNE de FOUCHY ;67220;FOUCHY;;;;67;01/01/1964;31/12/9999
8015;F08998B;FOUDAY;112,6851;NON;RF;;;MONTAGNE;X;21;2,16701E+13;CFOFOUDAY;de;fouday;Forêt communale de Fouday;2;2,16701E+13;CFOFOUDAY;;COMMUNE de FOUDAY ;67130;FOUDAY;;;;67;01/01/1964;31/12/9999
8015;F49284N;FPSTEINB;27,6973;NON;AU;06/06/2021;;;X;92;4,24772E+13;GFFIMMOBIL;de;boersch;Forêt privée de Boersch;;4,24772E+13;GFFIMMOBIL;;GFF M/S IMMOBILIER ;67530;OTTROTT;;;;67;28/01/2013;31/12/9999
8015;F08787Y;GOTTENHO;12,74;NON;RF;;;MONTAGNE;X;21;2,16702E+13;CFOGOTTENH;de;gottenhouse;Forêt communale de Gottenhouse;2;2,16702E+13;CFOGOTTENH;;COMMUNE de GOTTENHOUSE ;67700;GOTTENHOUSE;;;;67;01/01/1964;31/12/9999
8015;F08692H;GRANDFON;79,7381;NON;RF;;;MONTAGNE;X;21;2,16702E+13;CFOGRANDFO;de;grandfontaine;Forêt communale de Grandfontaine;2;2,16702E+13;CFOGRANDFO;;COMMUNE de GRANDFONTAINE ;67130;GRANDFONTAINE;;;;67;01/01/1964;31/12/9999
8015;F08488L;GRENDEL;926,7597;NON;RF;;;MONTAGNE;X;21;2,16702E+13;CFOGRENDEL;de;grendelbruch;Forêt communale de Grendelbruch;2;2,16702E+13;CFOGRENDEL;;COMMUNE de GRENDELBRUCH ;67190;GRENDELBRUCH;;;;67;01/01/1964;31/12/9999
8015;F08840Z;GRESSWIL;102,9784;NON;RF;;;PLAINE;X;21;2,16702E+13;CFOGRESSWI;de;gresswiller;Forêt communale de Gresswiller;2;2,16702E+13;CFOGRESSWI;;COMMUNE de GRESSWILLER ;67190;GRESSWILLER;;;;67;01/01/1964;31/12/9999
8015;F08936R;HAEGEN;78,5834;NON;RF;;;MONTAGNE;X;21;2,16702E+13;CFOHAEGEN;de;haegen;Forêt communale de Haegen;2;2,16702E+13;CFOHAEGEN;;COMMUNE de HAEGEN ;67700;HAEGEN;;;;67;01/01/1964;31/12/9999
8015;F08843C;HASLACH;2999,4746;OUI;RF;;172984/344411;;X;1;1,1007E+13;MINAGRI;de;haslach;Forêt domaniale de Haslach;1;6,62043E+13;ONFDG;;ETABLISSEMENT DIRECTION GENERALE L'O,N,F,;75570;PARIS CEDEX 12;;;;67;01/01/1964;31/12/9999
8015;F08875I;HEILIG;13,6253;NON;RF;;;PLAINE;X;21;2,16702E+13;CFOHEILIST;de;heiligenstein;Forêt communale de Heiligenstein;2;2,16702E+13;CFOHEILIST;;COMMUNE DE HEILIGENSTEIN ;67140;HEILIGENSTEIN;;;;67;01/01/1964;31/12/9999
8015;F08789A;HEILIGMO;141,0872;NON;RF;;;MONTAGNE;X;21;2,16702E+13;CFOHEILIGE;d';heiligenberg montagne;Forêt communale d'Heiligenberg Montagne;2;2,16702E+13;CFOHEILIGE;;COMMUNE de HEILIGENBERG ;67190;HEILIGENBERG;;;;67;01/01/1964;31/12/9999
8015;F08976F;HEILIGPL;179,8055;NON;RF;;;PLAINE;X;21;2,16702E+13;CFOHEILIGE;d';heiligenberg plaine;Forêt communale d'Heiligenberg Plaine;2;2,16702E+13;CFOHEILIGE;;COMMUNE de HEILIGENBERG ;67190;HEILIGENBERG;;;;67;01/01/1964;31/12/9999
8015;F08403E;HOPITAND;5,543;NON;RF;;;PLAINE;X;33;2,667E+13;MRSTOLTZ;;maison de retraite Stoltz-Grimm Andlau;Forêt Maison De Retraite Stoltz-Grimm Andlau;2;2,667E+13;MRSTOLTZ;;MAISON DE RETRAITE STOLTZ-GRIMM ;67140;ANDLAU;;;;67;01/01/1964;31/12/9999
8015;F09021Y;HOSPCIVI;5,0042;NON;RF;;;PLAINE;X;33;2,66701E+13;CHSTRASBOU;des;hôpitaux universitaires de strasbourg hengwiller;Forêt des Hôpitaux Universitaires De Strasbourg Hengwiller;2;2,66701E+13;CHSTRASBOU;;HOPITAUX UNIVERSIT, STRASBOURG- SERVICE DES DOMAINES;67091;STRASBOURG CEDEX;;;;67;01/01/1964;31/12/9999
8015;F08703S;HOSTRSCH;3,9884;NON;RF;;;PLAINE;X;33;2,66701E+13;CHSTRASBOU;des;hôpitaux universitaires de strasbourg dorlisheim;Forêt des Hôpitaux Universitaires De Strasbourg Dorlisheim;2;2,66701E+13;CHSTRASBOU;;HOPITAUX UNIVERSIT, STRASBOURG- SERVICE DES DOMAINES;67091;STRASBOURG CEDEX;;;;67;01/01/1964;31/12/9999
8015;F08543O;KIRCHHEI;40,693;NON;RF;;;MONTAGNE;X;21;2,16702E+13;CFOKIRCHHE;de;kirchheim;Forêt communale de Kirchheim;2;2,16702E+13;CFOKIRCHHE;;COMMUNE de KIRCHHEIM ;67520;KIRCHHEIM;;;;67;01/01/1964;31/12/9999
8015;F08802N;LABROQUE;711,2942;NON;RF;;;MONTAGNE;X;21;2,16701E+13;CFOLABROQU;de;la broque;Forêt communale de La Broque;2;2,16701E+13;CFOLABROQU;;COMMUNE de LA BROQUE ;67130;LA BROQUE;;;;67;01/01/1964;31/12/9999
8015;F08662D;LALAYE;310,4833;NON;RF;;;MONTAGNE;X;21;2,16703E+13;CFOLALAYE;de;lalaye;Forêt communale de Lalaye;2;2,16703E+13;CFOLALAYE;;COMMUNE de LALAYE ;67220;LALAYE;;;;67;01/01/1964;31/12/9999
8015;F08379G;LAMOSSIG;1368,4257;OUI;RF;;173461/343709;;X;1;1,1007E+13;MINAGRI;de la;mossig;Forêt domaniale de la Mossig;1;6,62043E+13;ONFDG;;ETABLISSEMENT DIRECTION GENERALE L'O,N,F,;75570;PARIS CEDEX 12;;;;67;01/01/1964;31/12/9999
8015;F08858R;LUTZEL;566,5125;NON;RF;;;MONTAGNE;X;21;2,16703E+13;CFOLUTZELH;de;lutzelhouse;Forêt communale de Lutzelhouse;2;2,16703E+13;CFOLUTZELH;;COMMUNE de LUTZELHOUSE ;67130;LUTZELHOUSE;;;;67;01/01/1964;31/12/9999
8015;F08360N;MAISONSG;26,3279;NON;RF;;;MONTAGNE;X;21;2,16703E+13;CFOMAISONG;de;maisonsgoutte;Forêt communale de Maisonsgoutte;;2,16703E+13;CFOMAISONG;;COMMUNE de MAISONSGOUTTE ;67220;MAISONSGOUTTE;;;;67;01/01/1964;31/12/9999
8015;F08909Q;MARLENHE;144,965;NON;RF;;;PLAINE;X;21;2,16703E+13;CFOMARLENH;de;marlenheim;Forêt communale de Marlenheim;2;2,16703E+13;CFOMARLENH;;COMMUNE de MARLENHEIM ;67520;MARLENHEIM;;;;67;01/01/1964;31/12/9999
8015;F09031I;MARMOUTI;18,54;NON;RF;;;MONTAGNE;X;21;2,16703E+13;CFOMARMOUT;de;marmoutier;Forêt communale de Marmoutier;2;2,16703E+13;CFOMARMOUT;;COMMUNE de MARMOUTIER ;67440;MARMOUTIER;;;;67;01/01/1964;31/12/9999
8015;F08612F;MITTELBE;94,183;NON;RF;;;PLAINE;X;21;2,16703E+13;CFO67140MI;de;mittelbergheim;Forêt communale de Mittelbergheim;2;2,16703E+13;CFO67140MI;;COMMUNE de MITTELBERGHEIM ;67140;MITTELBERGHEIM;;;;67;01/01/1964;31/12/9999
8015;F08666H;MOLLKIRC;122,9369;NON;RF;;;MONTAGNE;X;21;2,16703E+13;CFOMOLLKIR;de;mollkirch;Forêt communale de Mollkirch;;2,16703E+13;CFOMOLLKIR;;COMMUNE de MOLLKIRCH ;67190;MOLLKIRCH;;;;67;01/01/1964;31/12/9999
8015;F08373A;MOLSHEIM;272,01;NON;RF;;;MONTAGNE;X;21;2,16703E+13;CFOMOLSHEI;de;molsheim;Forêt communale de Molsheim;2;2,16703E+13;CFOMOLSHEI;;COMMUNE de MOLSHEIM ;67129;MOLSHEIM CEDEX;;;;67;01/01/1964;31/12/9999
8015;F08598R;MUHL;35,4836;NON;RF;;;MONTAGNE;X;21;2,16703E+13;CFOMULBACB;de;muhlbach-sur-bruche;Forêt communale de Muhlbach-Sur-Bruche;2;2,16703E+13;CFOMULBACB;;COMMUNE de MUHLBACH SUR BRUCHE ;67130;MUHLBACH SUR BRUCHE;;;;67;01/01/1964;31/12/9999
8015;F08420V;MUTZIG;414,8099;NON;RF;;;PLAINE;X;21;2,16703E+13;CFOMUTZIG;de;mutzig;Forêt communale de Mutzig;2;2,16703E+13;CFOMUTZIG;;COMMUNE de MUTZIG ;67190;MUTZIG;;;;67;01/01/1964;31/12/9999
8015;F08892Z;NATZWILL;423,0071;NON;RF;;;MONTAGNE;X;21;2,16703E+13;CFONATZWIL;de;natzwiller;Forêt communale de Natzwiller;2;2,16703E+13;CFONATZWIL;;COMMUNE de NATZWILLER ;67130;NATZWILLER;;;;67;01/01/1964;31/12/9999
8015;F08782T;NEUBOIS;44,8788;NON;RF;;;PLAINE;X;21;2,16703E+13;CFONEUBOIS;de;neubois;Forêt communale de Neubois;2;2,16703E+13;CFONEUBOIS;;COMMUNE de NEUBOIS ;67220;NEUBOIS;;;;67;01/01/1964;31/12/9999
8015;F08496T;NEUVE;24,6529;NON;RF;;;PLAINE;X;21;2,16703E+13;CFONEUVEEG;de;neuve-église;Forêt communale de Neuve-Eglise;2;2,16703E+13;CFONEUVEEG;;COMMUNE de NEUVE-EGLISE ;67220;NEUVE-EGLISE;;;;67;01/01/1964;31/12/9999
8015;F08348B;NEUVILLE;202,7188;NON;RF;;;MONTAGNE;X;21;2,16703E+13;CFO67130NE;de;neuviller-la-roche;Forêt communale de Neuviller-La-Roche;2;2,16703E+13;CFO67130NE;;COMMUNE de NEUVILLER LA ROCHE ;67130;NEUVILLER LA ROCHE;;;;67;01/01/1964;31/12/9999
8015;F08740D;NIEDER;366,2627;NON;RF;;;MONTAGNE;X;21;2,16703E+13;CFONIEDER;de;niederhaslach;Forêt communale de Niederhaslach;2;2,16703E+13;CFONIEDER;;COMMUNE de NIEDERHASLACH ;67280;NIEDERHASLACH;;;;67;01/01/1964;31/12/9999
8015;F08635C;NORDHEIM;54,923;NON;RF;;;PLAINE;X;21;2,16703E+13;CFONORDHEI;de;nordheim;Forêt communale de Nordheim;2;2,16703E+13;CFONORDHEI;;COMMUNE de NORDHEIM ;67520;NORDHEIM;;;;67;01/01/1964;31/12/9999
8015;F08535G;NOTHALTE;40,3931;NON;RF;;;PLAINE;X;21;2,16703E+13;CFONOTHALT;de;nothalten;Forêt communale de Nothalten;2;2,16703E+13;CFONOTHALT;;COMMUNE de NOTHALTEN ;67680;NOTHALTEN;;;;67;01/01/1964;31/12/9999
8015;F08405G;OBER;519,7142;NON;RF;;;MONTAGNE;X;21;2,16703E+13;CFOOBERHAS;d';oberhaslach;Forêt communale d'Oberhaslach;2;2,16703E+13;CFOOBERHAS;;COMMUNE de OBERHASLACH ;67280;OBERHASLACH;;;;67;01/01/1964;31/12/9999
8015;F08507E;OBERBER;2135,0477;NON;RF;;;PLAINE;I;21;2,16703E+13;CFOOBERNAI;d';obernai-bernardswiller;Forêt communale indivise d'Obernai-Bernardswiller;42;2,56702E+13;CSFOBERNAI;;COMMISSION SYNDICALE FORESTIERE D'OBERNAI;67210;OBERNAI;;;;67;01/01/1964;31/12/9999
8015;F08956L;ODRATZHE;25,536;NON;RF;;;PLAINE;X;21;2,16704E+13;CFOODRATZH;d';odratzheim;Forêt communale d'Odratzheim;2;2,16704E+13;CFOODRATZH;;COMMUNE de ODRATZHEIM ;67520;ODRATZHEIM;;;;67;01/01/1964;31/12/9999
8015;F08768F;OND;363,5617;NON;RF;;;PLAINE;X;39;4,80688E+13;FONDOND;de l';oeuvre notre-dame;Forêt de l'Oeuvre Notre-Dame;2;4,80688E+13;FONDOND;La Ville de Strasbourg est le gestionnaire de cette forêt, L'oeuvre Notre Dame en est le propriétaire,;FONDATION OEUVRE NOTRE DAME ;67000;STRASBOURG;;;;67;01/01/1964;31/12/9999
8015;F08764B;OTTROTT;105,0321;NON;RF;;;PLAINE;X;21;2,16704E+13;CFOOTTROTT;d';ottrott;Forêt communale d'Ottrott;2;2,16704E+13;CFOOTTROTT;;COMMUNE d'OTTROTT ;67530;OTTROTT;;;;67;01/01/1964;31/12/9999
8015;F08423Y;PAROISSE;1,75;NON;RF;;;PLAINE;X;39;1,86708E+13;EGWEST;de la;paroisse luthérienne de westhoffen;Forêt de la Paroisse Luthérienne De Westhoffen;2;1,86708E+13;EGWEST;;CONSEIL PRESBYTERAL PAROISSE PROTESTANTE WESTHOFFEN;67310;WESTHOFFEN;;;;67;01/01/1964;31/12/9999
8015;F08983M;PLAINE;371,3408;NON;RF;;;MONTAGNE;X;21;2,16704E+13;CFOPLAINE;de;plaine;Forêt communale de Plaine;2;2,16704E+13;CFOPLAINE;;COMMUNE de PLAINE ;67420;PLAINE;;;;67;01/01/1964;31/12/9999
8015;F08424Z;RANRUPT;423,7956;NON;RF;;;MONTAGNE;X;21;2,16704E+13;CFORANRUPT;de;ranrupt;Forêt communale de Ranrupt;2;2,16704E+13;CFORANRUPT;;COMMUNE de RANRUPT ;67420;RANRUPT;;;;67;01/01/1964;31/12/9999
8015;F08869C;REICHSFE;113,6307;NON;RF;;;PLAINE;X;21;2,16704E+13;CFOREICHSF;de;reichsfeld;Forêt communale de Reichsfeld;2;2,16704E+13;CFOREICHSF;;COMMUNE de REICHSFELD ;67140;REICHSFELD;;;;67;01/01/1964;31/12/9999
8015;F08438N;REINHARD;21,5825;NON;RF;;;MONTAGNE;X;21;2,16704E+13;CFOREINHAR;de;reinhardsmunster;Forêt communale de Reinhardsmunster;2;2,16704E+13;CFOREINHAR;;COMMUNE de REINHARDSMUNSTER ;67440;REINHARDSMUNSTER;;;;67;01/01/1964;31/12/9999
8015;F08399A;ROMANSWI;266,4399;NON;RF;;;PLAINE;X;21;2,16704E+13;CFOROMANSW;de;romanswiller;Forêt communale de Romanswiller;2;2,16704E+13;CFOROMANSW;;COMMUNE de ROMANSWILLER ;67310;ROMANSWILLER;;;;67;01/01/1964;31/12/9999
8015;F08583C;ROSENWIL;75,06;NON;RF;;;PLAINE;X;21;2,16704E+13;CFOROSENWI;de;rosenwiller;Forêt communale de Rosenwiller;2;2,16704E+13;CFOROSENWI;;COMMUNE de ROSENWILLER ;67560;ROSENWILLER;;;;67;01/01/1964;31/12/9999
8015;F08267Y;ROSHEIM;1609,3291;NON;RF;;;PLAINE;X;21;2,16704E+13;CFOROSHEIM;de;rosheim;Forêt communale de Rosheim;2;2,16704E+13;CFOROSHEIM;;COMMUNE de ROSHEIM ;67560;ROSHEIM;;;;67;01/01/1964;31/12/9999
8015;F08392T;ROTHAU;170,8272;NON;RF;;;MONTAGNE;X;21;2,16704E+13;CFOROTHAU;de;rothau;Forêt communale de Rothau;2;2,16704E+13;CFOROTHAU;;COMMUNE de ROTHAU ;67570;ROTHAU;;;;67;01/01/1964;31/12/9999
8015;F08335O;RUSS;875,579;NON;RF;;;MONTAGNE;X;21;2,16704E+13;CFORUSS;de;russ;Forêt communale de Russ;2;2,16704E+13;CFORUSS;;COMMUNE de RUSS ;67130;RUSS;;;;67;01/01/1964;31/12/9999
8015;F08523U;SAALES;550,6701;NON;RF;;;MONTAGNE;X;21;2,16704E+13;CFOSAALES;de;saales;Forêt communale de Saales;2;2,16704E+13;CFOSAALES;;COMMUNE de SAALES ;67420;SAALES;;;;67;01/01/1964;31/12/9999
8015;F08719I;SALENTHA;19,3933;NON;RF;;;PLAINE;X;21;2,00057E+13;CFONSOMMER;de;salenthal;Forêt communale de Salenthal;;2,00057E+13;CFONSOMMER;Changement de propriétaire et de représentant suite à la création de la nouvelle commune de Sommerau (fusion des communes d'Allenwiler,Salenthal, Singrist et Birkenwald);COMMUNE DE SOMMERAU ;67310;SOMMERAU;;;;67;01/01/1964;31/12/9999
8015;F08711A;SAULXURE;335,2579;NON;RF;;;MONTAGNE;X;21;2,16704E+13;CFOSAULXUR;de;saulxures;Forêt communale de Saulxures;2;2,16704E+13;CFOSAULXUR;;COMMUNE de SAULXURES ;67420;SAULXURES;;;;67;01/01/1964;31/12/9999
8015;F08638F;SAV;4305,1435;OUI;RF;;172529/344366;;X;1;1,1007E+13;MINAGRI;de;saverne;Forêt domaniale de Saverne;1;6,62043E+13;ONFDG;;ETABLISSEMENT DIRECTION GENERALE L'O,N,F,;75570;PARIS CEDEX 12;;;Avec F28022T, constitue une unique forêt domaniale, Sauf que cette forêt est divisée en 2 objets dans le système  ONF;67;01/01/1964;31/12/9999
8015;F08742F;SCHIRMEC;819,8823;NON;RF;;;MONTAGNE;X;21;2,16704E+13;CFOSCHIRME;de;schirmeck;Forêt communale de Schirmeck;;2,16704E+13;CFOSCHIRME;;COMMUNE de SCHIRMECK ;67130;SCHIRMECK;;;;67;01/01/1964;31/12/9999
8015;F08920B;SEPTCOMM;89,8601;NON;RF;;;MONTAGNE;I;21;2,16703E+13;CFONIEDER;des;sept communes;Forêt communale indivise des Sept Communes;42;2,56702E+13;SYCFORET7;;SYNDICAT DES SEPT COMMUNES ;67280;URMATT;;;;67;01/01/1964;31/12/9999
8015;F08984N;SOLBACH;111,94;NON;RF;;;MONTAGNE;X;21;2,16705E+13;CFOSOLBACH;de;solbach;Forêt communale de Solbach;2;2,16705E+13;CFOSOLBACH;;COMMUNE de SOLBACH ;67130;SOLBACH;;;;67;01/01/1964;31/12/9999
8015;F09027E;STBLAISE;122,8077;NON;RF;;;MONTAGNE;X;21;2,16704E+13;CFOSTBLAIS;de;saint-blaise-la-roche;Forêt communale de Saint-Blaise-La-Roche;2;2,16704E+13;CFOSTBLAIS;;COMMUNE de SAINT BLAISE ;67420;ST BLAISE LA ROCHE;;;;67;01/01/1964;31/12/9999
8015;F08432H;STEIGE;337,4685;NON;RF;;;MONTAGNE;X;21;2,16705E+13;CFOSTEIGE;de;steige;Forêt communale de Steige;2;2,16705E+13;CFOSTEIGE;;COMMUNE de STEIGE ;67220;STEIGE;;;;67;01/01/1964;31/12/9999
8015;F08317W;STILL;448,4995;NON;RF;;;MONTAGNE;X;21;2,16705E+13;CFOSTILL;de;still;Forêt communale de Still;2;2,16705E+13;CFOSTILL;;COMMUNE de STILL ;67190;STILL;;;;67;01/01/1964;31/12/9999
8015;F08476Z;STMARTIN;13,4962;NON;RF;;;MONTAGNE;X;21;2,16704E+13;CFOSTMART;de;saint-martin;Forêt communale de Saint-Martin;2;2,16704E+13;CFOSTMART;;COMMUNE de SAINT-MARTIN ;67220;SAINT-MARTIN;;;;67;01/01/1964;31/12/9999
8015;F08963S;STMAURIC;28,905;NON;RF;;;PLAINE;X;21;2,16704E+13;CFO67220;de;saint-maurice;Forêt communale de Saint-Maurice;2;2,16704E+13;CFO67220;;COMMUNE de SAINT-MAURICE ;67220;SAINT-MAURICE;;;;67;01/01/1964;31/12/9999
8015;F49558B;STODILE;29,9341;NON;RF;;;PLAINE;X;39;1,86709E+13;MONTSTODIL;du;mont saint-odile;Forêt du Mont Saint-Odile;;1,86709E+13;MONTSTODIL;;MONT ST ODILE ;67530;OTTROTT;;;;67;16/02/2015;31/12/9999
8015;F08698N;STOTZHEI;146,4118;NON;RF;;;PLAINE;X;21;2,16705E+13;CFOSTOTSHE;de;stotzheim;Forêt communale de Stotzheim;2;2,16705E+13;CFOSTOTSHE;;COMMUNE DE STOTZHEIM ;67140;STOTZHEIM;;;;67;01/01/1964;31/12/9999
8015;F08280L;STPBOIS;165,045;NON;RF;;;PLAINE;X;21;2,16704E+13;CFOSTPIERB;de;saint-pierre-bois;Forêt communale de Saint-Pierre-Bois;2;2,16704E+13;CFOSTPIERB;;COMMUNE de ST-PIERRE-BOIS ;67220;ST-PIERRE-BOIS;;;;67;01/01/1964;31/12/9999
8015;F08514L;STRASBOB;868,6521;NON;RF;;;MONTAGNE;X;21;2,16705E+13;CFOSTRASBO;de;strasbourg hohwald;Forêt communale de Strasbourg Hohwald;2;2,16705E+13;CFOSTRASBO;;COMMUNE DE STRASBOURG ;67000;STRASBOURG;;;;67;01/01/1964;31/12/9999
8015;F08668J;STRASBOU;1000,544;NON;RF;;;PLAINE;X;21;2,16705E+13;CFOSTRASBO;de;strasbourg oedenwald;Forêt communale de Strasbourg Oedenwald;2;2,16705E+13;CFOSTRASBO;;COMMUNE DE STRASBOURG ;67000;STRASBOURG;;;;67;01/01/1964;31/12/9999
8015;F08885S;THALMARM;91,9425;NON;RF;;;MONTAGNE;X;21;2,16705E+13;CFOTHALMAR;de;thal-marmoutier;Forêt communale de Thal-Marmoutier;2;2,16705E+13;CFOTHALMAR;;COMMUNE de THAL-MARMOUTIER ;67440;THAL MARMOUTIER;;;;67;01/01/1964;31/12/9999
8015;F08365S;TRAENHEI;48,327;NON;RF;;;PLAINE;X;21;2,16705E+13;CFOTRAENHE;de;traenheim;Forêt communale de Traenheim;;2,16705E+13;CFOTRAENHE;;COMMUNE de TRAENHEIM ;67310;TRAENHEIM;;;;67;01/01/1964;31/12/9999
8015;F08757U;TRIEMBAC;114,2644;NON;RF;;;PLAINE;X;21;2,16705E+13;CFOTRIEMBV;de;triembach-au-val;Forêt communale de Triembach-Au-Val;2;2,16705E+13;CFOTRIEMBV;;COMMUNE de TRIEMBACH-AU-VAL ;67220;TRIEMBACH-AU-VAL;;;;67;01/01/1964;31/12/9999
8015;F08318X;URBEIS;456,7327;NON;RF;;;MONTAGNE;X;21;2,16705E+13;CFOURBEIS;d';urbeis;Forêt communale d'Urbeis;2;2,16705E+13;CFOURBEIS;;COMMUNE D'URBEIS ;67220;URBEIS;;;;67;01/01/1964;31/12/9999
8015;F08364R;URMATT;483,9264;NON;RF;;;MONTAGNE;X;21;2,16705E+13;CFOURMATT;d';urmatt;Forêt communale d'Urmatt;;2,16705E+13;CFOURMATT;;COMMUNE de URMATT ;67280;URMATT;;;;67;01/01/1964;31/12/9999
8015;F08336P;VILLE;66,7615;NON;RF;;;PLAINE;X;21;2,16705E+13;CFOVILLE;de;villé;Forêt communale de Villé;2;2,16705E+13;CFOVILLE;;COMMUNE de VILLE ;67220;VILLE;;;;67;01/01/1964;31/12/9999
8015;F08408J;WALDERSB;179,1763;NON;RF;;;MONTAGNE;X;21;2,16705E+13;CFOWALDERS;de;waldersbach;Forêt communale de Waldersbach;2;2,16705E+13;CFOWALDERS;;COMMUNE de WALDERSBACH ;67130;WALDERSBACH;;;;67;01/01/1964;31/12/9999
8015;F08609C;WANGEN;139,229;NON;RF;;;PLAINE;X;21;2,16705E+13;CFOWANGEN;de;wangen;Forêt communale de Wangen;2;2,16705E+13;CFOWANGEN;;COMMUNE de WANGEN ;67520;WANGEN;;;;67;01/01/1964;31/12/9999
8015;F08897E;WASSELON;388,6391;NON;RF;;;PLAINE;X;21;2,16705E+13;CFOWASSELO;de;wasselonne;Forêt communale de Wasselonne;2;2,16705E+13;CFOWASSELO;;COMMUNE de WASSELONNE ;67310;WASSELONNE;;;;67;01/01/1964;31/12/9999
8015;F08640H;WESTHOFF;928,9442;NON;RF;;;PLAINE;X;21;2,16705E+13;CFOWESTHOF;de;westhoffen;Forêt communale de Westhoffen;2;2,16705E+13;CFOWESTHOF;;COMMUNE de WESTHOFFEN ;67310;WESTHOFFEN;;;;67;01/01/1964;31/12/9999
8015;F08795G;WILDERS;210,806;NON;RF;;;MONTAGNE;X;21;2,16705E+13;CFOWILDERS;de;wildersbach;Forêt communale de Wildersbach;2;2,16705E+13;CFOWILDERS;;COMMUNE de WILDERSBACH ;67130;WILDERSBACH;;;;67;01/01/1964;31/12/9999
8015;F08660B;WISCHES;1514,6442;NON;RF;;;MONTAGNE;X;21;2,16705E+13;CFOWISCHES;de;wisches;Forêt communale de Wisches;2;2,16705E+13;CFOWISCHES;;COMMUNE DE WISCHES ;67130;WISCHES;;;;67;01/01/1964;31/12/9999
8015;F08516N;ZEHNACKE;0;NON;NG;;;PLAINE;X;21;2,16706E+13;CFOZEHNACK;de;zehnacker;Forêt communale de Zehnacker;2;2,16706E+13;CFOZEHNACK;;COMMUNE de ZEHNACKER ;67310;ZEHNACKER;;;;67;01/01/1964;31/12/9999
8020;F08259Q;0DL;635,6258;OUI;RF;;173449/342286;;X;1;1,1007E+13;MINAGRI;des;deux lacs;Forêt domaniale des Deux Lacs;1;6,62043E+13;ONFDG;;ETABLISSEMENT DIRECTION GENERALE L'O,N,F,;75570;PARIS CEDEX 12;;;;68;01/01/1964;31/12/9999
8020;F08560F;0RI;1491,1391;OUI;RF;;172776/347926;;X;1;1,1007E+13;MINAGRI;de;ribeauvillé;Forêt domaniale de Ribeauvillé;1;6,62043E+13;ONFDG;;ETABLISSEMENT DIRECTION GENERALE L'O,N,F,;75570;PARIS CEDEX 12;;;;68;01/01/1964;31/12/9999
8020;F08689E;0SP;181,6559;OUI;RF;;173469/344262;;X;1;1,1007E+13;MINAGRI;de;saint-pierremont;Forêt domaniale de Saint-Pierremont;1;6,62043E+13;ONFDG;;ETABLISSEMENT DIRECTION GENERALE L'O,N,F,;75570;PARIS CEDEX 12;;;;68;01/01/1964;31/12/9999
8020;F08340T;ALGOLSHE;14,3707;NON;RF;;;PLAINE;X;21;2,168E+13;CFOALGOLSH;d';algolsheim;Forêt communale d'Algolsheim;2;2,168E+13;CFOALGOLSH;;COMMUNE de ALGOLSHEIM ;68600;ALGOLSHEIM;;;;68;01/01/1964;31/12/9999
8020;F08853M;AMM;1065,8809;NON;RF;;;PLAINE;X;21;2,168E+13;CFOAMMERSC;d';ammerschwihr;Forêt communale d'Ammerschwihr;2;2,168E+13;CFOAMMERSC;;COMMUNE d'AMMERSCHWIHR ;68770;AMMERSCHWIHR;;;;68;01/01/1964;31/12/9999
8020;F08878L;ANDOLSHE;90,229;NON;RF;;;PLAINE;X;21;2,168E+13;CFOANDOLSH;d';andolsheim;Forêt communale d'Andolsheim;2;2,168E+13;CFOANDOLSH;;COMMUNE de ANDOLSHEIM ;68280;ANDOLSHEIM;;;;68;01/01/1964;31/12/9999
8020;F08847G;APPENWIH;45,5147;NON;RF;;;PLAINE;X;21;2,168E+13;CFOAPPENWI;d';appenwihr;Forêt communale d'Appenwihr;2;2,168E+13;CFOAPPENWI;;COMMUNE de APPENWIHR ;68280;APPENWIHR;;;;68;01/01/1964;31/12/9999
8020;F08517O;ARTOLSHE;230,5173;NON;RF;;;PLAINE;X;21;2,167E+13;CFOARTOLSH;d';artolsheim;Forêt communale d'Artolsheim;2;2,167E+13;CFOARTOLSH;;COMMUNE d'ARTOLSHEIM ;67390;ARTOLSHEIM;;;;67;01/01/1964;31/12/9999
8020;F08401C;ARTZENHE;117,9488;NON;RF;;;PLAINE;X;21;2,168E+13;CFOARTZENH;d';artzenheim;Forêt communale d'Artzenheim;2;2,168E+13;CFOARTZENH;;COMMUNE d'ARTZENHEIM ;68320;ARTZENHEIM;;;;68;01/01/1964;31/12/9999
8020;F08602V;AUB;325,3058;NON;RF;;;MONTAGNE;X;21;2,168E+13;CFOAUBURE;d';aubure;Forêt communale d'Aubure;;2,168E+13;CFOAUBURE;;COMMUNE d'AUBURE ;68150;AUBURE;;;;68;01/01/1964;31/12/9999
8020;F08440P;BALGAU;62,3144;NON;RF;;;PLAINE;X;21;2,168E+13;CFOBALGAU;de;balgau;Forêt communale de Balgau;2;2,168E+13;CFOBALGAU;;COMMUNE de BALGAU ;68740;BALGAU;;;;68;01/01/1964;31/12/9999
8020;F08270B;BALTZENH;176,6778;NON;RF;;;PLAINE;X;21;2,168E+13;CFOBALTZEN;de;baltzenheim;Forêt communale de Baltzenheim;2;2,168E+13;CFOBALTZEN;;COMMUNE de BALTZENHEIM ;68320;BALTZENHEIM;;;;68;01/01/1964;31/12/9999
8020;F08921C;BEB;75,9135;NON;RF;;;PLAINE;X;21;2,168E+13;CFOBEBLENH;de;beblenheim;Forêt communale de Beblenheim;2;2,168E+13;CFOBEBLENH;;COMMUNE de BEBLENHEIM ;68980;BEBLENHEIM;;;;68;01/01/1964;31/12/9999
8020;F09010N;BEN;62,2413;NON;RF;;;PLAINE;X;21;2,168E+13;CFOBENNWIH;de;bennwihr;Forêt communale de Bennwihr;2;2,168E+13;CFOBENNWIH;;COMMUNE de BENNWIHR ;68630;BENNWIHR;;;;68;01/01/1964;31/12/9999
8020;F08690F;BENFELD;153,4261;NON;RF;;;PLAINE;X;21;2,167E+13;CFOBENFELD;de;benfeld;Forêt communale de Benfeld;;2,167E+13;CFOBENFELD;;COMMUNE de BENFELD ;67230;BENFELD;;;;67;01/01/1964;31/12/9999
8020;F09029G;BER;572,7339;NON;RF;;;PLAINE;X;21;2,168E+13;CFOBERGHEI;de;bergheim;Forêt communale de Bergheim;2;2,168E+13;CFOBERGHEI;;COMMUNE de BERGHEIM ;68750;BERGHEIM;;;;68;01/01/1964;31/12/9999
8020;F08303I;BERGHOLT;80,5346;NON;RF;;;PLAINE;X;21;2,168E+13;CFOBERGHOL;de;bergholtz;Forêt communale de Bergholtz;2;2,168E+13;CFOBERGHOL;;COMMUNE de BERGHOLTZ ;68500;BERGHOLTZ;;;;68;01/01/1964;31/12/9999
8020;F08552X;BERGHOZL;109,0603;NON;RF;;;PLAINE;X;21;2,168E+13;CFOBERGHOZ;de;bergholtz-zell;Forêt communale de Bergholtz-Zell;2;2,168E+13;CFOBERGHOZ;;COMMUNE de BERGHOLTZ-ZELL ;68500;BERGHOLTZ ZELL;;;;68;01/01/1964;31/12/9999
8020;F08776N;BIECHELE;35,5234;NON;RF;;;PLAINE;X;39;3,79176E+13;ASMARBACH;de l';association de l'abbaye de marbach;Forêt de l'Association De L'Abbaye De Marbach;;3,79176E+13;ASMARBACH;;ASSOCIATION DE L'ABBAYE DE MARBA ;68420;OBERMORSCHWIHR;;;;68;01/01/1964;31/12/9999
8020;F08723M;BIESHEIM;362,7382;NON;RF;;;PLAINE;X;21;2,168E+13;CFOBIESHEI;de;biesheim;Forêt communale de Biesheim;2;2,168E+13;CFOBIESHEI;;COMMUNE de BIESHEIM ;68600;BIESHEIM;;;;68;01/01/1964;31/12/9999
8020;F08988R;BINDERNH;49,6907;NON;RF;;;PLAINE;X;21;2,167E+13;CFOBINDERN;de;bindernheim;Forêt communale de Bindernheim;2;2,167E+13;CFOBINDERN;;COMMUNE de BINDERNHEIM ;67600;BINDERNHEIM;;;;67;01/01/1964;31/12/9999
8020;F08452B;BOLSENHE;29,2;NON;RF;;;PLAINE;X;21;2,16701E+13;CFOBOLSENH;de;bolsenheim;Forêt communale de Bolsenheim;2;2,16701E+13;CFOBOLSENH;;COMMUNE DE BOLSENHEIM ;67150;BOLSENHEIM;;;;67;01/01/1964;31/12/9999
8020;F08997A;BON;1199,7776;NON;RF;;;MONTAGNE;X;21;2,168E+13;CFOBONHOMM;du;bonhomme;Forêt communale du Bonhomme;2;2,168E+13;CFOBONHOMM;;COMMUNE de LE BONHOMME ;68650;LE BONHOMME;;;;68;01/01/1964;31/12/9999
8020;F08378F;BOOFZHEI;71,92;NON;RF;;;PLAINE;X;21;2,16701E+13;CFOBOOFZHE;de;boofzheim;Forêt communale de Boofzheim;2;2,16701E+13;CFOBOOFZHE;;COMMUNE de BOOFZHEIM ;67860;BOOFZHEIM;;;;67;01/01/1964;31/12/9999
8020;F08470T;BOOTZHEI;98,152;NON;RF;;;PLAINE;X;21;2,16701E+13;CFOBOOTZHE;de;bootzheim;Forêt communale de Bootzheim;2;2,16701E+13;CFOBOOTZHE;;COMMUNE de BOOTZHEIM ;67390;BOOTZHEIM;;;;67;01/01/1964;31/12/9999
8020;F08729S;BREITENB;532,199;NON;RF;;;MONTAGNE;X;21;2,16801E+13;CFOBREITEH;de;breitenbach 68;Forêt communale de Breitenbach 68;2;2,16801E+13;CFOBREITEH;;COMMUNE de BREITENBACH ;68380;BREITENBACH;;;;68;01/01/1964;31/12/9999
8020;F08815A;BRISACH;33,0638;OUI;RF;;173463/343758;;X;1;1,1007E+13;MINAGRI;de;brisach;Forêt domaniale de Brisach;1;6,62043E+13;ONFDG;;ETABLISSEMENT DIRECTION GENERALE L'O,N,F,;75570;PARIS CEDEX 12;;;;68;01/01/1964;31/12/9999
8020;F08671M;BUHL;251,6159;NON;RF;;;MONTAGNE;X;21;2,16801E+13;CFOBUHL68;de;buhl;Forêt communale de Buhl;;2,16801E+13;CFOBUHL68;;COMMUNE DE BUHL ;68530;BUHL;;;;68;01/01/1964;31/12/9999
8020;F08943Y;CHATENOI;180,6109;NON;RF;;;PLAINE;X;21;2,16701E+13;CFO67730CH;de;châtenois;Forêt communale de Châtenois;2;2,16701E+13;CFO67730CH;;COMMUNE de CHATENOIS ;67730;CHATENOIS;;;;67;01/01/1964;31/12/9999
8020;F08566L;COLMAR;986,1964;NON;RF;;;PLAINE;X;21;2,16801E+13;CFOCOLMAR;de;colmar;Forêt communale de Colmar;2;2,16801E+13;CFOCOLMAR;;COMMUNE DE COLMAR ;68000;COLMAR;;;;68;19/08/2011;31/12/9999
8020;F08567M;COLNEULA;0;NON;NG;;;PLAINE;X;21;2,16801E+13;CFOCOLMAR;de;colmar neuland;Forêt communale de Colmar Neuland;2;2,16801E+13;CFOCOLMAR;;COMMUNE DE COLMAR ;68000;COLMAR;;;;68;01/01/1964;18/08/2011
8020;F08573S;COLNIEDE;0;NON;NG;;;PLAINE;X;21;2,16801E+13;CFOCOLMAR;de;colmar niederwald;Forêt communale de Colmar Niederwald;2;2,16801E+13;CFOCOLMAR;;COMMUNE DE COLMAR ;68000;COLMAR;;;;68;01/01/1964;18/08/2011
8020;F08389Q;COLROTHL;0;NON;NG;;;PLAINE;X;21;2,16801E+13;CFOCOLMAR;de;colmar rothleible;Forêt communale de Colmar Rothleible;2;2,16801E+13;CFOCOLMAR;;COMMUNE DE COLMAR ;68000;COLMAR;;;;68;01/01/1964;18/08/2011
8020;F08759W;COLSTGI;0;NON;NG;;;PLAINE;X;21;2,16801E+13;CFOCOLMAR;de;colmar saint-gilles;Forêt communale de Colmar Saint-Gilles;2;2,16801E+13;CFOCOLMAR;;COMMUNE DE COLMAR ;68000;COLMAR;;;;68;01/01/1964;18/08/2011
8020;F08304J;CONSPROT;264,229;NON;RF;;;PLAINE;X;39;1,86804E+13;EGPRCOLMAR;du;consistoire protestant de colmar;Forêt du Consistoire Protestant De Colmar;2;1,86804E+13;EGPRCOLMAR;;CONSISTOIRE PROTESTANT DE COLMAR ;68000;COLMAR;;;;68;01/01/1964;31/12/9999
8020;F08425A;DDAUBENS;224,9463;OUI;RF;;172526/342234;;X;1;1,1007E+13;MINAGRI;de;daubensand;Forêt domaniale de Daubensand;1;6,62043E+13;ONFDG;;ETABLISSEMENT DIRECTION GENERALE L'O,N,F,;75570;PARIS CEDEX 12;;;;67;01/01/1964;31/12/9999
8020;F08924F;DESSENHE;440,9696;NON;RF;;;PLAINE;X;21;2,16801E+13;CFODESSENH;de;dessenheim;Forêt communale de Dessenheim;2;2,16801E+13;CFODESSENH;;COMMUNE de DESSENHEIM ;68600;DESSENHEIM;;;;68;01/01/1964;31/12/9999
8020;F08263U;DIEFFENT;92,0075;NON;RF;;;PLAINE;X;21;2,16701E+13;CFODIEFFTH;de;dieffenthal;Forêt communale de Dieffenthal;2;2,16701E+13;CFODIEFFTH;;COMMUNE de DIEFFENTHAL ;67650;DIEFFENTHAL;;;;67;01/01/1964;31/12/9999
8020;F09004H;DMARCKOL;324,7666;OUI;RF;;172971/343809;;X;1;1,1007E+13;MINAGRI;de;marckolsheim;Forêt domaniale de Marckolsheim;1;6,62043E+13;ONFDG;;ETABLISSEMENT DIRECTION GENERALE L'O,N,F,;75570;PARIS CEDEX 12;;;;67;01/01/1964;31/12/9999
8020;F08798J;DSCHOENA;88,6304;OUI;RF;;172981/344358;;X;1;1,1007E+13;MINAGRI;de;schoenau;Forêt domaniale de Schoenau;1;6,62043E+13;ONFDG;;ETABLISSEMENT DIRECTION GENERALE L'O,N,F,;75570;PARIS CEDEX 12;;;;67;01/01/1964;31/12/9999
8020;F08530B;DSELESTA;33,8422;OUI;RF;;172945/341896;;X;1;1,1007E+13;MINAGRI;de;sélestat;Forêt domaniale de Sélestat;1;6,62043E+13;ONFDG;;ETABLISSEMENT DIRECTION GENERALE L'O,N,F,;75570;PARIS CEDEX 12;;;;67;01/01/1964;31/12/9999
8020;F08554Z;DURRENEN;160,77;NON;RF;;;PLAINE;X;21;2,16801E+13;CFODURRENE;de;durrenentzen;Forêt communale de Durrenentzen;2;2,16801E+13;CFODURRENE;;COMMUNE de DURRENENTZEN ;68320;DURRENENTZEN;;;;68;01/01/1964;31/12/9999
8020;F08509G;EGCASU;3,5954;NON;RF;;;PLAINE;X;39;1,86803E+13;EGCASUND;de l';église catholique de sundhoffen;Forêt de l'Eglise Catholique De Sundhoffen;2;1,86803E+13;EGCASUND;;CONSEIL FABRIQUE - EGLISE CATHOLIQUE DE SUNDHOFFEN;68280;SUNDHOFFEN;;;;68;01/01/1964;31/12/9999
8020;F08944Z;EGPRSU;2,091;NON;RF;;;PLAINE;X;39;1,86806E+13;EGPRSUND;de l';église luthérienne de sundhoffen;Forêt de l'Eglise Luthérienne De Sundhoffen;2;1,86806E+13;EGPRSUND;;PAROISSE PROTESTANTE DE SUNDHOFF ;68280;SUNDHOFFEN;;;;68;01/01/1964;31/12/9999
8020;F08442R;EGUISHEI;334,4218;NON;RF;;;PLAINE;X;21;2,16801E+13;CFOEGUISHE;d';eguisheim;Forêt communale d'Eguisheim;2;2,16801E+13;CFOEGUISHE;;COMMUNE de EGUISHEIM ;68420;EGUISHEIM;;;;68;01/01/1964;31/12/9999
8020;F08607A;ELSENHEI;92,7976;NON;RF;;;PLAINE;X;21;2,16701E+13;CFOELSENHE;d';elsenheim;Forêt communale d'Elsenheim;2;2,16701E+13;CFOELSENHE;;COMMUNE d'ELSENHEIM ;67390;ELSENHEIM;;;;68;01/01/1964;31/12/9999
8020;F08467Q;ERSTEIN;816,6224;NON;RF;;;PLAINE;X;21;2,16701E+13;CFOERSTEIN;d';erstein;Forêt communale d'Erstein;2;2,16701E+13;CFOERSTEIN;;COMMUNE d'ERSTEIN ;67151;ERSTEIN;;;;67;01/01/1964;31/12/9999
8020;F08731U;ESCHAU;44,7459;NON;RF;;;PLAINE;X;21;2,16701E+13;CFOESCHAU;d';eschau;Forêt communale d'Eschau;2;2,16701E+13;CFOESCHAU;;COMMUNE d'ESCHAU ;67114;ESCHAU;;;;67;01/01/1964;31/12/9999
8020;F08945A;ESCHBACH;166,5271;NON;RF;;;MONTAGNE;X;21;2,16801E+13;CFOESCHBAC;d';eschbach-au-val;Forêt communale d'Eschbach-Au-Val;2;2,16801E+13;CFOESCHBAC;;COMMUNE de ESCHBACH AU VAL ;68140;ESCHBACH AU VAL;;;;68;01/01/1964;31/12/9999
8020;F08541M;FORTSCHW;27,9985;NON;RF;;;PLAINE;X;21;2,16801E+13;CFOFORTSCH;de;fortschwihr;Forêt communale de Fortschwihr;2;2,16801E+13;CFOFORTSCH;;COMMUNE de FORTSCHWIHR ;68320;FORTSCHWIHR;;;;68;01/01/1964;31/12/9999
8020;F08357K;FRE;958,6199;NON;RF;;;MONTAGNE;X;21;2,16801E+13;CFOFRELAND;de;fréland;Forêt communale de Fréland;2;2,16801E+13;CFOFRELAND;;COMMUNE de FRELAND ;68240;FRELAND;;;;68;01/01/1964;31/12/9999
8020;F08828N;FRIESENH;45,0361;NON;RF;;;PLAINE;X;21;2,16701E+13;CFOFRIESE;de;friesenheim;Forêt communale de Friesenheim;2;2,16701E+13;CFOFRIESE;;COMMUNE de FRIESENHEIM ;67860;FRIESENHEIM;;;;67;01/01/1964;31/12/9999
8020;F08370X;GEISWASS;31,2647;NON;RF;;;PLAINE;X;21;2,16801E+13;CFOGEISWAS;de;geiswasser;Forêt communale de Geiswasser;;2,16801E+13;CFOGEISWAS;;COMMUNE de GEISWASSER ;68600;GEISWASSER;;;;68;01/01/1964;31/12/9999
8020;F08864X;GERSTHEI;51,5122;NON;RF;;;PLAINE;X;21;2,16702E+13;CFOGERSTHE;de;gerstheim;Forêt communale de Gerstheim;2;2,16702E+13;CFOGERSTHE;;COMMUNE de GERSTHEIM ;67150;GERSTHEIM;;;;67;01/01/1964;31/12/9999
8020;F08493Q;GRIESBAC;284,9788;NON;RF;;;MONTAGNE;X;21;2,16801E+13;CFOGRIESBA;de;griesbach-au-val;Forêt communale de Griesbach-Au-Val;2;2,16801E+13;CFOGRIESBA;;COMMUNE de GRIESBACH AU VAL ;68140;GRIESBACH AU VAL;;;;68;01/01/1964;31/12/9999
8020;F08991U;GRUSSENH;16,6169;NON;RF;;;PLAINE;X;21;2,16801E+13;CFOGRUSSEN;de;grussenheim;Forêt communale de Grussenheim;2;2,16801E+13;CFOGRUSSEN;;COMMUNE de GRUSSENHEIM ;68320;GRUSSENHEIM;;;;68;01/01/1964;31/12/9999
8020;F08939U;GUEBERSC;467,6358;NON;RF;;;PLAINE;X;21;2,16801E+13;CFOGUEBERS;de;gueberschwihr;Forêt communale de Gueberschwihr;2;2,16801E+13;CFOGUEBERS;;COMMUNE de GUEBERSCHWIHR ;68420;GUEBERSCHWIHR;;;;68;01/01/1964;31/12/9999
8020;F08597Q;GUEBWCO;581,5225;NON;RF;;;MONTAGNE;X;21;2,16801E+13;CFOGUEBWIL;de;guebwiller;Forêt communale de Guebwiller;2;2,16801E+13;CFOGUEBWIL;;COMMUNE de GUEBWILLER ;68503;GUEBWILLER CEDEX;;;;68;01/01/1964;31/12/9999
8020;F08675Q;GUEBWDO;3528,8988;OUI;RF;;173468/344331;;X;1;1,1007E+13;MINAGRI;de;guebwiller;Forêt domaniale de Guebwiller;1;6,62043E+13;ONFDG;;ETABLISSEMENT DIRECTION GENERALE L'O,N,F,;75570;PARIS CEDEX 12;;;;68;01/01/1964;31/12/9999
8020;F08681W;GUEMAR;105,0724;NON;RF;;;PLAINE;X;21;2,16801E+13;CFOGUEMAR;de;guémar;Forêt communale de Guémar;2;2,16801E+13;CFOGUEMAR;;COMMUNE de GUEMAR ;68970;GUEMAR;;;;68;01/01/1964;31/12/9999
8020;F08961Q;GUNDOLSH;108,2009;NON;RF;;;PLAINE;X;21;2,16801E+13;CFOGUNDOLS;de;gundolsheim;Forêt communale de Gundolsheim;2;2,16801E+13;CFOGUNDOLS;;COMMUNE de GUNDOLSHEIM ;68250;GUNDOLSHEIM;;;;68;01/01/1964;31/12/9999
8020;F08935Q;GUNSBACH;441,6631;NON;RF;;;MONTAGNE;X;21;2,16801E+13;CFOGUNSBAC;de;gunsbach;Forêt communale de Gunsbach;2;2,16801E+13;CFOGUNSBAC;;COMMUNE de GUNSBACH ;68140;GUNSBACH;;;;68;01/01/1964;31/12/9999
8020;F08888V;EBERSHEI;30,3317;NON;RF;;;PLAINE;X;21;2,16701E+13;CFOEBERSHE;d';ebersheim;Forêt communale d'Ebersheim;2;2,16701E+13;CFOEBERSHE;;COMMUNE d'EBERSHEIM ;67600;EBERSHEIM;;;;67;01/01/1964;31/12/9999
8020;F08563I;EBERSMUN;103,5081;NON;RF;;;PLAINE;X;21;2,16701E+13;CFOEBERSMU;d';ebersmunster;Forêt communale d'Ebersmunster;2;2,16701E+13;CFOEBERSMU;;COMMUNE d'EBERSMUNSTER ;67600;EBERSMUNSTER;;;;67;01/01/1964;31/12/9999
